代码,名字,近期涨跌幅,市盈率,行业,当日涨跌幅2025-08-23 21:45:43
002747,埃斯顿,0.16857142857142854,416.37,未知行业,1.13,
002813,路畅科技,0.1338786052518295,-33.36,未知行业,0.15,
002836,新宏泽,0.07403545359749748,36.24,未知行业,-1.08,
002863,今飞凯达,0.09001956947162425,32.33,未知行业,-0.73,
002870,香山股份,0.0640024038461537,50.5,未知行业,-0.09,
002876,三利谱,0.06503442999234886,40.3,未知行业,0.0,
002902,铭普光磁,0.12333965844402285,-37.63,未知行业,0.56,
002903,宇环数控,0.08851674641148333,260.64,未知行业,0.95,
002931,锋龙股份,0.11309904153354641,114.63,未知行业,-0.7,
002930,宏川智慧,0.11559139784946229,66.71,未知行业,-0.49,
002949,华阳国际,0.08504398826979473,289.43,未知行业,-1.22,
002957,科瑞技术,0.0717274357441721,42.04,未知行业,0.11,
002963,豪尔赛,0.0661538461538461,-30.1,未知行业,-0.3,
002968,新大正,0.05322128851540602,18.63,未知行业,-1.24,
002996,顺博合金,0.07639836289222368,14.61,未知行业,-1.03,
003005,竞业达,0.08362218370883896,-66.42,未知行业,1.0,
300024,机器人,0.23741859088217868,-160.4,未知行业,1.98,
300026,红日药业,0.05097087378640776,53.16,未知行业,0.0,
300050,世纪鼎利,0.2251773049645391,213.75,未知行业,2.88,
300062,中能电气,0.06654343807763391,-59.42,未知行业,-1.04,
300063,天龙集团,0.1295641931684334,124.2,未知行业,1.73,
300094,国联水产,0.09183673469387764,196.5,未知行业,-1.87,
300099,尤洛卡,0.0793871866295265,72.52,未知行业,1.07,
300106,西部牧业,0.09922346850733393,-66.87,未知行业,0.08,
300136,信维通信,0.14351851851851852,79.58,未知行业,-0.34,
300171,东富龙,0.1179815209665956,146.36,未知行业,-2.16,
300176,鸿特科技,0.0721357850070721,84.68,未知行业,-0.8,
300182,捷成股份,0.11992945326278655,31.34,未知行业,1.15,
300201,海伦哲,0.08550185873605948,34.85,未知行业,-0.17,
300200,高盟新材,0.10196078431372559,31.16,未知行业,0.82,
300213,佳讯飞鸿,0.2123212321232123,-62.68,未知行业,1.22,
300221,银禧科技,0.1630057803468208,49.74,未知行业,-1.0,
300222,科大智能,0.11810261374636986,105.36,未知行业,0.89,
300235,方直科技,0.10804224207961008,127.88,未知行业,0.23,
300247,融捷健康,0.19607843137254896,31.2,未知行业,-0.21,
300275,梅安森,0.13629518072289162,78.45,未知行业,-1.61,
300281,金明精机,0.1458607095926413,247.14,未知行业,-1.83,
300320,海达股份,0.1544715447154471,32.06,未知行业,-1.14,
300327,中颖电子,0.10178217821782179,113.56,未知行业,1.22,
300353,东土科技,0.13794772507260414,-70.29,未知行业,1.11,
300354,东华测试,0.11997940267765181,38.84,未知行业,0.61,
300389,艾比森,0.06923076923076928,31.38,未知行业,-0.32,
300387,富邦科技,0.07258938244853737,22.97,未知行业,-1.72,
300390,天华新能,0.07804632426988926,1324.35,未知行业,0.68,
300407,凯发电气,0.12172284644194764,396.97,未知行业,-0.93,
300428,立中集团,0.09611111111111113,19.15,未知行业,0.15,
300427,红相股份,0.1462639109697933,58.14,未知行业,-1.8,
300461,田中精机,0.10620347394540947,-107.5,未知行业,-1.21,
300471,厚普股份,0.07768744354110202,187.17,未知行业,-0.76,
300504,天邑股份,0.0740268028079131,-48.42,未知行业,0.3,
300543,朗科智能,0.11538461538461542,96.4,未知行业,-0.16,
300540,蜀道装备,0.0707491082045185,-1559.99,未知行业,-0.34,
300594,朗进科技,0.10588870880605063,-34.4,未知行业,-0.94,
300605,恒锋信息,0.12331406551059718,-3015.44,未知行业,-1.16,
300610,晨化股份,0.0982367758186398,26.38,未知行业,-1.0,
300603,立昂技术,0.14186248912097468,-65.79,未知行业,-0.54,
300640,德艺文创,0.09843749999999998,136.56,未知行业,-0.58,
300655,晶瑞电材,0.1751467710371819,89.93,未知行业,4.13,
300672,国科微,0.19128092089150142,101.26,未知行业,2.43,
300667,必创科技,0.09783989834815762,-59.15,未知行业,0.65,
300681,英搏尔,0.16124469589816132,196.77,未知行业,0.47,
300679,电连技术,0.10771564802774163,43.84,未知行业,-0.28,
300691,联合光电,0.08665966386554634,-57.4,未知行业,0.05,
300708,聚灿光电,0.0738636363636362,38.7,未知行业,-0.85,
300736,百邦科技,0.12410714285714292,-83.31,未知行业,-2.22,
300745,欣锐科技,0.1015018125323667,-25.87,未知行业,0.29,
300786,国林科技,0.11199469847581188,-123.9,未知行业,1.11,
300792,壹网壹创,0.18479579458148,65.12,未知行业,0.6,
300790,宇瞳光学,0.2303140646335914,51.22,未知行业,2.45,
300818,耐普矿机,0.19220549158547404,198.83,未知行业,-1.0,
300834,星辉环材,0.10141093474426811,65.07,未知行业,0.33,
300853,申昊科技,0.11252566735112929,-27.23,未知行业,1.53,
300883,龙利得,0.0765624999999999,333.18,未知行业,-0.59,
300894,火星人,0.06666666666666678,-27.19,未知行业,-0.82,
300928,华安鑫创,0.06248183667538523,-32.66,未知行业,-0.06,
300933,中辰股份,0.12965340179717597,68.38,未知行业,0.0,
300936,中英科技,0.06891531181751993,5661.91,未知行业,0.02,
300964,本川智能,0.09843646773838376,90.42,未知行业,-0.25,
300978,东箭科技,0.07836153161175413,25.42,未知行业,-0.58,
300983,尤安设计,0.0873239436619718,-3415.1,未知行业,-1.6,
300980,祥源新材,0.09556907037358815,117.78,未知行业,-0.57,
301013,利和兴,0.1526497695852536,-60.6,未知行业,-0.3,
301016,雷尔伟,0.10701754385964901,275.16,未知行业,-1.85,
301019,宁波色母,0.10185739964050325,29.87,未知行业,-1.71,
301059,金三江,0.06960950764006794,45.96,未知行业,-2.0,
301058,中粮科工,0.1083258728737691,41.72,未知行业,0.5,
301106,骏成科技,0.07269789983844922,33.44,未知行业,-0.33,
301113,雅艺科技,0.07521919704660816,209.76,未知行业,-2.06,
301118,恒光股份,0.09499358151476246,165.15,未知行业,-1.07,
301135,瑞德智能,0.14003527336860666,122.05,未知行业,-0.47,
301158,德石股份,0.11117318435754202,32.46,未知行业,-1.96,
301198,喜悦智行,0.08333333333333323,-183.52,未知行业,-1.27,
301199,迈赫股份,0.1464285714285715,32.14,未知行业,-2.04,
301202,朗威股份,0.1946339245111415,85.41,未知行业,1.37,
301218,华是科技,0.07688848920863314,-345.72,未知行业,-0.55,
301221,光庭信息,0.1270837419101784,60.47,未知行业,0.74,
301223,中荣股份,0.08914956011730202,23.06,未知行业,0.22,
301220,亚香股份,0.0758439281017098,16.51,未知行业,0.5,
301230,泓博医药,0.13338879645036036,115.09,未知行业,0.2,
301272,英华特,0.09127089413637583,-294.95,未知行业,-0.39,
301273,瑞晨环保,0.10758311542771756,-23.37,未知行业,-1.52,
301286,侨源股份,0.09352242238405524,50.22,未知行业,-0.86,
301279,金道科技,0.06429780033840946,54.65,未知行业,-0.72,
301298,东利机械,0.08208508088675838,29.03,未知行业,-0.39,
301295,美硕科技,0.09028617492946402,82.47,未知行业,-1.0,
301307,美利信,0.14876033057851246,-24.07,未知行业,-0.18,
301312,智立方,0.1609972041006523,58.93,未知行业,-1.3,
301336,趣睡科技,0.16888642249352562,64.14,未知行业,0.02,
301359,东南电子,0.08854166666666655,61.31,未知行业,-0.75,
301367,瑞迈特,0.1579254079254079,30.04,未知行业,-2.89,
301362,民爆光电,0.0859057190715483,19.46,未知行业,-1.17,
301360,荣旗科技,0.09246845425867503,-98.2,未知行业,-0.18,
301371,敷尔佳,0.05192821687667046,30.77,未知行业,-1.38,
301408,华人健康,0.08292340126493322,24.42,未知行业,0.13,
301468,博盈特焊,0.09940119760479035,62.97,未知行业,-0.75,
301499,维科精密,0.0969258589511754,85.4,未知行业,-0.44,
301500,飞南资源,0.08311855670103087,29.13,未知行业,-0.12,
301510,固高科技,0.15445807093138866,441.62,未知行业,0.91,
301512,智信精密,0.10202671579917087,-29.18,未知行业,-0.51,
301516,中远通,0.13663133097762076,-133.99,未知行业,0.43,
301539,宏鑫科技,0.060560560560560604,75.45,未知行业,-0.77,
301538,骏鼎达,0.19902120717781407,29.97,未知行业,-1.62,
301588,美新科技,0.0954157782515991,37.26,未知行业,-1.46,
301602,超研股份,0.07214953271028036,75.87,未知行业,-0.04,
301603,乔锋智能,0.17155506364139453,25.14,未知行业,1.65,
600054,黄山旅游,0.06303972366148536,59.75,未知行业,-0.17,
600080,金花股份,0.06596306068601583,238.6,未知行业,-1.98,
600097,开创国际,0.06347746090156406,53.15,未知行业,-1.38,
600099,林海股份,0.07588075880758806,182.2,未知行业,-1.86,
600114,东睦股份,0.19185059422750422,32.31,未知行业,0.11,
600201,生物股份,0.09144893111638949,82.7,未知行业,-0.66,
600251,冠农股份,0.09529860228716634,8.93,未知行业,-1.28,
600278,东方创业,0.09742895805142081,31.61,未知行业,-1.11,
600336,澳柯玛,0.10159651669085634,79.16,未知行业,1.76,
600380,健康元,0.06199021207177812,15.0,未知行业,-0.23,
600409,三友化工,0.08623853211009169,-159.04,未知行业,-1.01,
600419,天润乳业,0.09416195856873824,-83.0,未知行业,-1.03,
600558,大西洋,0.054511278195488726,30.24,未知行业,-0.54,
600552,凯盛科技,0.16509028374892518,132.79,未知行业,-1.03,
600560,XD金自天,0.08526187576126665,131.43,未知行业,0.17,
600692,亚通股份,0.16149870801033592,-73.04,未知行业,2.91,
600689,上海三毛,0.13235294117647053,182.04,未知行业,-0.51,
600710,苏美达,0.08865586272640608,11.24,未知行业,-1.77,
600785,新华百货,0.1379883624272652,17.48,未知行业,-2.63,
600838,上海九百,0.05785123966942151,71.9,未知行业,-0.45,
600884,杉杉股份,0.217741935483871,200.56,未知行业,1.03,
600894,广日股份,0.11799999999999997,-178.5,未知行业,-1.54,
600973,宝胜股份,0.12209302325581393,86.59,未知行业,0.18,
600981,汇鸿集团,0.10135135135135129,-131.2,未知行业,-0.31,
601061,中信金属,0.11810012836970485,18.5,未知行业,-0.12,
601162,天风证券,0.1812627291242362,599.27,未知行业,1.78,
601311,骆驼股份,0.10879120879120882,10.92,未知行业,-1.3,
601608,中信重工,0.19006479481641467,60.95,未知行业,0.37,
601618,中国中冶,0.10666666666666662,10.57,未知行业,-0.91,
601717,中创智领,0.13827160493827173,7.45,未知行业,-0.66,
601886,江河集团,0.07084468664850142,15.06,未知行业,-1.03,
603052,可川科技,0.18809005083514888,139.32,未知行业,-0.06,
603068,博通集成,0.1343804537521814,87.31,未知行业,2.35,
603070,万控智造,0.07363770250368189,64.81,未知行业,-0.83,
603075,热威股份,0.1910433539780849,30.66,未知行业,-1.17,
603132,金徽股份,0.10618066561014276,26.27,未知行业,-0.66,
603190,亚通精工,0.0913399396811718,20.95,未知行业,-0.88,
603202,天有为,0.061368209255533136,17.27,未知行业,0.12,
603201,常润股份,0.0970333745364648,15.87,未知行业,-1.47,
603238,诺邦股份,0.21591574019894683,29.52,未知行业,-1.99,
603255,鼎际得,0.09494086727989477,-323.11,未知行业,-0.58,
603272,联翔股份,0.10824453168816621,1751.62,未知行业,-0.92,
603289,泰瑞机器,0.09270833333333339,41.57,未知行业,-1.73,
603297,永新光学,0.15796750777739363,49.46,未知行业,1.68,
603291,联合水务,0.07363013698630132,104.73,未知行业,-1.12,
603311,金海高科,0.0587719298245614,15.96,未知行业,-1.17,
603309,维力医疗,0.07813620071684588,17.67,未知行业,-2.08,
603305,旭升集团,0.1474793077501882,37.2,未知行业,0.95,
603308,应流股份,0.12354763749031764,51.49,未知行业,2.11,
603328,依顿电子,0.11684518013631949,24.11,未知行业,0.72,
603324,盛剑科技,0.062239089184060604,50.07,未知行业,0.84,
603331,百达精工,0.09587727708533078,26.39,未知行业,-1.23,
603338,浙江鼎力,0.12287875690042947,13.01,未知行业,-0.22,
603344,星德胜,0.11222847948511662,31.97,未知行业,-0.62,
603358,华达科技,0.12432123463846817,99.6,未知行业,0.83,
603355,莱克电气,0.07428323197219813,15.35,未知行业,-1.33,
603386,骏亚科技,0.15627240143369175,67.35,未知行业,-0.13,
603489,八方股份,0.09706210487169949,78.4,未知行业,0.38,
603589,口子窖,0.063701923076923,14.49,未知行业,-0.29,
603587,地素时尚,0.0851910828025478,19.26,未知行业,-0.59,
603612,索通发展,0.16349809885931565,11.43,未知行业,-1.07,
603686,福龙马,0.24589127686472823,42.68,未知行业,-0.21,
603708,家家悦,0.05497630331753555,12.36,未知行业,-1.26,
603713,密尔克卫,0.1657634087086527,13.77,未知行业,-1.75,
603733,仙鹤股份,0.24069712670748938,19.26,未知行业,1.13,
603788,宁波高发,0.11708860759493657,21.02,未知行业,-0.46,
603858,步长制药,0.06322795341098172,16.28,未知行业,-1.04,
603897,长城科技,0.1734439834024896,20.79,未知行业,2.71,
603919,金徽酒,0.12438084755090797,17.1,未知行业,-0.1,
603968,醋化股份,0.062652563059398,-98.09,未知行业,-1.07,
605058,澳弘电子,0.060165975103734386,26.7,未知行业,0.23,
605222,起帆电缆,0.05029013539651833,23.75,未知行业,-0.37,
605287,德才股份,0.09043591411841265,13.19,未知行业,-1.49,
605555,德昌股份,0.10933660933660919,26.67,未知行业,0.28,
